attendance,study_hours,previous_marks,assignment_marks,internal_marks,participation,final_marks
95,5,88,90,85,9,91
90,4,82,85,80,8,85
85,3,75,78,76,7,79
80,3,70,72,68,6,73
75,2,65,68,64,5,68
70,2,60,62,58,5,62
65,1,55,58,54,4,57
60,1,48,50,50,3,52
92,5,86,88,84,9,89
88,4,80,82,78,8,83
78,3,68,70,65,6,71
72,2,62,65,60,5,65
68,2,58,60,55,4,60
96,6,92,94,90,10,95
94,5,90,91,88,9,93
82,3,74,76,72,7,77
77,3,69,73,67,6,72
73,2,64,66,62,5,66
67,2,56,59,53,4,59
63,1,50,54,49,3,54
91,5,84,87,83,9,88
87,4,79,81,77,8,82
83,3,72,75,70,7,76
79,3,68,71,66,6,72
74,2,61,64,59,5,65
69,2,57,61,55,4,60
66,1,53,57,51,4,56
62,1,47,52,48,3,51
97,6,94,95,92,10,96
89,4,81,84,80,8,85
84,4,76,79,73,7,79
76,2,67,69,63,5,69
71,2,60,64,57,5,63
64,1,52,55,50,3,56
93,5,87,89,86,9,91
86,4,78,80,75,8,82
81,3,73,76,71,7,77
68,2,55,59,54,4,59
61,1,46,50,45,3,51
98,6,95,96,94,10,97